{"schemaVersion":"1.0","appDefinitionTemplate":{"id":"/providers/Microsoft.PowerApps/apps/","type":"Microsoft.PowerApps/apps","tags":{"primaryDeviceWidth":"1366","primaryDeviceHeight":"768","supportsPortrait":"false","supportsLandscape":"true","primaryFormFactor":"Tablet","publisherVersion":"3.23063.15","minimumRequiredApiVersion":"2.2.0","hasComponent":"true","hasUnlockedComponent":"true","isUnifiedRootApp":"false","sienaVersion":"20230705T120738Z-3.23063.15.0"},"properties":{"appVersion":"2023-07-05T12:07:38Z","lifeCycleId":"Published","createdByClientVersion":{"major":3,"minor":23063,"build":15,"revision":0,"majorRevision":0,"minorRevision":0},"minClientVersion":{"major":3,"minor":23063,"build":15,"revision":0,"majorRevision":0,"minorRevision":0},"backgroundColor":"rgba(165, 34, 55, 1)","backgroundImageUri":"/15643064643368548998/N2e3a9d4b-16ab-4a21-a43c-cc97314bb805-logoSmallFile","displayName":"Weekly Timesheet","description":"This app lets you submit and manage weekly timesheets","commitMessage":"","appUris":{"documentUri":{"value":"/15643064643368548998/N2ce6399f-a349-470e-8ede-632e7ed4aff7-document.msapp"},"imageUris":[],"additionalUris":[]},"createdTime":"0001-01-01T00:00:00Z","lastModifiedTime":"0001-01-01T00:00:00Z","sharedGroupsCount":0,"sharedUsersCount":0,"connectionReferences":{"223bcc83-f2e2-4a48-b628-9bf13645a9e6":{"id":"41c86b91-2828-4d78-839d-96c6ac2212ca","displayName":"Office 365 Users","iconUri":"https://connectoricons-prod.azureedge.net/u/laborbol/partial-builds/390724148/1.0.1641.3327/office365users/icon.png","dataSources":["Office365Users"],"dependencies":[],"dependents":[],"parameterHints":{},"parameterHintsV2":{},"isOnPremiseConnection":false,"bypassConsent":false,"dataSets":{},"apiTier":"Standard","isCustomApiConnection":false},"5a3653af-4508-4a2e-89ab-00657a1e7dd7":{"id":"93ebabf4-3bc2-4986-bf82-784b12f988cd","displayName":"SharePoint","iconUri":"https://connectoricons-prod.azureedge.net/u/shgogna/globalperconnector-train1/1.0.1639.3310/sharepointonline/icon.png","dataSources":["TimeEntries","Iteration","BillTo","WorkStream","Reject"],"dependencies":[],"dependents":[],"parameterHints":{},"parameterHintsV2":{},"isOnPremiseConnection":false,"bypassConsent":false,"dataSets":{"https://avanade.sharepoint.com/sites/ABITimeSheet":{"dataSources":{"TimeEntries":{"tableName":"d3dbac1d-768a-47e2-bd62-027ccfb2f37d"},"Iteration":{"tableName":"4a3c4a38-a4d0-441a-bad8-8ddf7d3381fd"},"BillTo":{"tableName":"9d8e4e36-66fc-4dce-83e0-414ced16828c"},"WorkStream":{"tableName":"9c91a010-1b8f-4fb3-b876-fe5764be16d8"},"Reject":{"tableName":"3ac9890b-dca3-4be6-8625-b92b08821d1a"}}}},"apiTier":"Standard","isCustomApiConnection":false,"actions":["providers/PowerPlatform.Governance/Operations/Read","providers/PowerPlatform.Governance/Operations/Write"]}},"databaseReferences":{},"almMode":"Environment","performanceOptimizationEnabled":true,"canConsumeAppPass":true,"enableModernRuntimeMode":false,"executionRestrictions":{"isTeamsOnly":false,"dataLossPreventionEvaluationResult":{"status":"Compliant","lastEvaluationDate":"2023-06-27T19:40:05.9009926Z","violations":[],"violationsByPolicy":[],"violationErrorMessage":"The app uses the following connectors: shared_office365users, shared_sharepointonline."}}},"appType":"ClassicCanvasApp","appComponents":[]}}